City,Lat,Lng,Max Temp,Humidity,Cloudiness,Wind Speed,Country,Date
albany,42.6,-73.97,80.27599999999998,53,0,2.0,US,1596209588
hofn,64.25,-15.21,53.86999999999996,87,90,7.7,IS,1596209707
ranau,5.95,116.66,79.06999999999996,83,20,2.1,MY,1596209708
sao filipe,14.9,-24.5,76.1,77,41,4.8,CV,1596209708
olafsvik,64.89,-23.71,51.8,88,100,8.95,IS,1596209709
lambarene,-0.7,10.24,85.28000000000004,56,34,2.83,GA,1596209709
san anselmo,37.97,-122.56,60.27799999999996,82,90,1.56,US,1596209709
mar del plata,-38.0,-57.56,49.26199999999996,81,100,5.7,AR,1596209429
port elizabeth,-33.92,25.57,62.86999999999996,72,0,3.1,ZA,1596209710
port alfred,-33.59,26.89,60.56600000000001,69,0,1.51,ZA,1596209711
cidreira,-30.18,-50.21,62.096000000000046,68,0,5.76,BR,1596209711
tiksi,71.69,128.87,38.35399999999995,92,58,1.33,RU,1596209711
rio grande,-32.03,-52.1,64.66999999999996,59,1,4.1,BR,1596209516
chuy,-33.7,-53.46,58.766000000000005,76,79,1.13,UY,1596209712
bezenchuk,52.98,49.43,71.41999999999996,73,100,3.51,RU,1596209713
kruisfontein,-34.0,24.73,63.266000000000005,71,0,1.95,ZA,1596209713
road town,18.42,-64.62,86.26999999999995,66,40,7.2,VG,1596209713
luderitz,-26.65,15.16,86.26999999999995,21,0,5.7,NA,1596209714
saint-pierre,-21.34,55.48,70.06999999999996,83,2,2.1,RE,1596209714
kavieng,-2.57,150.8,82.59800000000003,78,74,3.45,PG,1596209714
guerrero negro,27.98,-114.06,78.44000000000003,57,21,0.93,MX,1596209715
arraial do cabo,-22.97,-42.03,70.06999999999996,73,75,3.1,BR,1596209716
atuona,-9.8,-139.03,79.79000000000002,63,65,9.12,PF,1596209634
antofagasta,-23.65,-70.4,59.26999999999996,62,1,2.6,CL,1596209637
baniachang,24.52,91.37,82.868,83,78,1.43,BD,1596209717
hithadhoo,-0.6,73.08,83.76799999999999,73,64,4.24,MV,1596209717
khatanga,71.97,102.5,62.40199999999997,57,0,3.94,RU,1596209718
talnakh,69.49,88.4,68.26999999999995,56,84,4.0,RU,1596209718
saint-augustin,51.23,-58.65,59.41400000000003,80,100,8.21,CA,1596209719
kapit,2.02,112.93,74.65999999999998,89,100,0.14,MY,1596209719
bluff,-46.6,168.33,50.46799999999999,93,100,2.13,NZ,1596209719
puerto ayora,-0.74,-90.35,71.86999999999996,78,75,3.1,EC,1596209717
bathsheba,13.22,-59.52,88.06999999999996,66,40,7.2,BB,1596209720
hami,42.8,93.45,79.19600000000005,17,0,1.44,CN,1596209720
rikitea,-23.12,-134.97,73.81400000000004,85,98,3.67,PF,1596209720
nago,26.59,127.98,84.46999999999997,83,75,5.1,JP,1596209721
kapaa,22.08,-159.32,77.26999999999995,88,90,9.8,US,1596209721
ribeira grande,38.52,-28.7,77.26999999999995,50,20,3.1,PT,1596209721
cherskiy,68.75,161.3,42.332000000000015,84,100,3.85,RU,1596209722
camopi,3.17,-52.32,83.13800000000005,87,11,1.03,GF,1596209722
sitrah,26.15,50.62,98.86999999999996,63,54,5.1,BH,1596209722
bonavista,48.65,-53.11,58.26199999999996,73,92,0.45,CA,1596209723
songjianghe,42.19,127.48,63.40999999999998,95,1,2.49,CN,1596209723
harnai,30.1,67.94,94.92799999999997,32,27,1.36,PK,1596209723
busselton,-33.65,115.33,46.274000000000015,82,18,2.24,AU,1596209724
new norfolk,-42.78,147.06,51.27799999999996,81,100,1.38,AU,1596209724
nikolskoye,59.7,30.79,59.26999999999996,77,40,7.0,RU,1596209724
fairbanks,64.84,-147.72,58.26199999999996,81,75,2.6,US,1596209725
touros,-5.2,-35.46,80.86999999999996,69,75,4.1,BR,1596209500
hilo,19.73,-155.09,71.86999999999996,78,75,2.6,US,1596209725
ushuaia,-54.8,-68.3,39.469999999999956,64,75,1.5,AR,1596209481
pevek,69.7,170.31,35.492,97,100,1.7,RU,1596209726
avarua,-21.21,-159.78,59.26999999999996,100,97,1.0,CK,1596209727
biak,-0.91,122.88,75.95600000000003,84,75,3.28,ID,1596209727
saint-philippe,-21.36,55.77,70.06999999999996,83,11,2.1,RE,1596209727
tasiilaq,65.61,-37.64,44.86999999999996,75,5,4.6,GL,1596209727
pacific grove,36.62,-121.92,61.069999999999965,82,90,2.1,US,1596209728
dzaoudzi,-12.79,45.27,77.26999999999995,73,90,8.2,YT,1596209728
dunedin,-45.87,170.5,52.26799999999999,83,100,0.89,NZ,1596209729
iqaluit,63.75,-68.51,57.469999999999956,87,90,1.5,CA,1596209704
leningradskiy,69.38,178.42,37.4,91,100,3.97,RU,1596209730
chaplynka,46.37,33.54,83.44399999999997,52,43,2.55,UA,1596209730
pangnirtung,66.15,-65.71,50.26999999999996,100,90,6.2,CA,1596209730
east london,-33.02,27.91,68.26999999999995,56,0,3.6,ZA,1596209731
salinopolis,-0.61,-47.36,87.18800000000005,63,58,4.64,BR,1596209731
parczew,51.64,22.9,75.46999999999997,38,27,5.7,PL,1596209732
husavik,66.04,-17.34,50.26999999999996,81,90,4.1,IS,1596209732
carnarvon,-24.87,113.63,64.66999999999996,77,0,6.7,AU,1596209732
ibb,13.97,44.18,64.92200000000004,87,100,3.53,YE,1596209733
kloulklubed,7.04,134.26,79.06999999999996,88,90,2.6,PW,1596209733
hermanus,-34.42,19.23,61.26799999999999,77,0,0.45,ZA,1596209734
kieta,-6.22,155.63,79.21400000000003,79,51,1.76,PG,1596209734
hasaki,35.73,140.83,72.26600000000002,100,75,3.6,JP,1596209734
dori,14.04,-0.03,95.46799999999999,40,98,3.61,BF,1596209735
richards bay,-28.78,32.04,65.51600000000002,75,0,3.95,ZA,1596209735
ormara,25.21,64.64,85.53200000000001,83,53,0.69,PK,1596209735
castro,-24.79,-50.01,61.43000000000004,71,84,3.3,BR,1596209736
kalmunai,7.42,81.82,85.02799999999996,71,89,2.27,LK,1596209485
lorengau,-2.02,147.27,82.75999999999999,77,100,3.95,PG,1596209736
tuktoyaktuk,69.45,-133.04,64.66999999999996,77,40,4.6,CA,1596209737
geraldton,-28.77,114.6,53.86999999999996,93,75,4.1,AU,1596209450
glasgow,55.87,-4.26,79.06999999999996,47,58,5.1,GB,1596209737
palmer,42.16,-72.33,81.26600000000002,54,20,2.6,US,1596209566
clyde river,70.47,-68.59,43.06999999999996,100,90,3.6,CA,1596209738
lebu,-37.62,-73.65,53.00600000000003,76,100,5.45,CL,1596209738
mataura,-46.19,168.86,48.469999999999956,92,100,1.45,NZ,1596209739
kaitangata,-46.28,169.85,50.26999999999996,86,100,0.89,NZ,1596209739
ust-uda,54.17,103.03,61.26799999999999,86,55,2.58,RU,1596209740
ekhabi,53.51,142.97,51.530000000000044,85,41,1.6,RU,1596209740
fortuna,40.6,-124.16,55.274000000000015,96,0,1.47,US,1596209741
muros,42.78,-9.06,68.26999999999995,79,93,4.47,ES,1596209741
punta arenas,-53.15,-70.92,37.66999999999996,86,75,3.6,CL,1596209539
lasa,46.62,10.7,86.26999999999995,41,40,3.1,IT,1596209742
namtsy,62.72,129.67,59.26999999999996,54,0,3.0,RU,1596209742
gucheng,35.91,111.32,82.61600000000001,59,98,1.58,CN,1596209743
rosetta,31.4,30.42,86.26999999999995,62,0,6.2,EG,1596209743
mahebourg,-20.41,57.7,71.86999999999996,83,75,1.5,MU,1596209743
butaritari,3.07,172.79,82.36400000000003,75,87,3.32,KI,1596209744
khandyga,62.67,135.6,55.70600000000003,49,2,0.89,RU,1596209744
vaini,-21.2,-175.2,68.26999999999995,82,40,5.7,TO,1596209744
manjacaze,-24.71,33.88,63.75199999999998,78,3,2.46,MZ,1596209744
chulman,56.85,124.91,61.43000000000004,90,99,1.3,RU,1596209745
kroya,-7.63,109.25,74.19200000000001,86,100,2.92,ID,1596209745
hokitika,-42.72,170.97,51.908,77,100,3.84,NZ,1596209745
provideniya,64.38,-173.3,44.20399999999995,82,56,2.18,RU,1596209746
mount gambier,-37.83,140.77,50.26999999999996,81,100,5.1,AU,1596209746
torbay,47.67,-52.73,66.27200000000005,88,75,2.6,CA,1596209717
fort nelson,58.81,-122.7,61.069999999999965,82,5,1.5,CA,1596209747
qaanaaq,77.48,-69.36,40.85600000000003,66,0,1.95,GL,1596209747
caravelas,-17.71,-39.25,74.984,74,29,4.2,BR,1596209748
sorland,67.67,12.69,55.66999999999996,93,75,5.7,NO,1596209748
ponta do sol,32.67,-17.1,75.27200000000005,62,0,0.45,PT,1596209748
noumea,-22.28,166.46,66.46999999999997,100,75,0.5,NC,1596209749
egvekinot,66.32,-179.17,46.18399999999999,79,70,1.87,RU,1596209749
kuala terengganu,5.33,103.14,80.86999999999996,88,40,1.5,MY,1596209749
dingle,11.0,122.67,77.05399999999995,88,100,3.37,PH,1596209749
koszeg,47.39,16.54,90.26600000000002,37,20,4.02,HU,1596209750
san patricio,19.22,-104.7,84.46999999999997,74,40,1.6,MX,1596209750
hamilton,39.18,-84.53,78.27799999999996,78,90,2.1,US,1596209750
thompson,55.74,-97.86,61.069999999999965,87,75,3.6,CA,1596209751
port lincoln,-34.73,135.87,57.667999999999985,57,93,5.99,AU,1596209751
kahului,20.89,-156.47,77.26999999999995,65,1,5.7,US,1596209752
erzin,36.96,36.2,85.26199999999996,84,0,4.02,TR,1596209752
tessalit,20.2,1.01,107.50999999999998,7,0,1.82,ML,1596209753
humaita,-7.51,-63.02,95.73800000000006,25,1,1.93,BR,1596209753
vila franca do campo,37.72,-25.43,77.26999999999995,53,40,5.1,PT,1596209753
laguna,38.42,-121.42,64.27400000000002,77,1,2.1,US,1596209497
monrovia,6.3,-10.8,80.86999999999996,83,75,3.6,LR,1596209754
kosterevo,55.93,39.61,61.50199999999998,86,42,1.93,RU,1596209754
poya,-21.35,165.15,68.59399999999997,87,99,4.95,NC,1596209755
upernavik,72.79,-56.15,46.86799999999998,57,72,3.46,GL,1596209755
najran,17.49,44.13,93.46999999999997,28,75,3.1,SA,1596209755
yining,29.04,114.56,78.63800000000005,87,0,0.94,CN,1596209756
bambous virieux,-20.34,57.76,71.86999999999996,83,75,1.5,MU,1596209756
buraydah,26.33,43.98,115.06999999999996,16,20,6.2,SA,1596209507
lugovoy,42.95,72.76,72.15800000000002,46,71,1.82,KZ,1596209756
barrow,71.29,-156.79,37.66999999999996,86,90,3.1,US,1596209644
hauterive,46.09,3.45,104.26999999999997,22,35,3.6,FR,1596209757
cape town,-33.93,18.42,66.27200000000005,68,0,4.1,ZA,1596209676
yellowknife,62.46,-114.35,66.27200000000005,68,40,3.1,CA,1596209542
jamestown,42.1,-79.24,78.27799999999996,60,1,3.6,US,1596209697
sarkand,45.41,79.92,67.226,36,70,1.59,KZ,1596209758
hobart,-42.88,147.33,52.26799999999999,81,100,5.7,AU,1596209663
houston,29.76,-95.36,89.27599999999998,66,75,6.2,US,1596209519
huarmey,-10.07,-78.15,66.38000000000005,67,48,3.12,PE,1596209759
tarauaca,-8.16,-70.77,86.86400000000003,40,19,2.08,BR,1596209760
dodge city,37.75,-100.02,71.86999999999996,78,1,3.1,US,1596209671
constitucion,-35.33,-72.42,57.72200000000004,60,100,0.67,CL,1596209760
san cristobal,7.77,-72.22,91.66999999999996,41,40,10.3,VE,1596209761
srednekolymsk,67.45,153.68,44.86999999999996,87,16,2.66,RU,1596209761
ulaangom,49.98,92.07,57.38000000000004,58,90,2.11,MN,1596209762
naze,28.37,129.48,75.46999999999997,100,24,1.5,JP,1596209762
lavrentiya,65.58,-171.0,41.66600000000001,85,30,1.87,RU,1596209763
jalu,29.03,21.55,101.15600000000003,13,0,6.03,LY,1596209763
tiznit,29.58,-9.5,93.05600000000004,25,85,0.67,MA,1596209764
lagdo,9.05,13.73,89.86999999999996,55,75,4.6,CM,1596209764
bethel,41.37,-73.41,74.26400000000004,73,1,2.1,US,1596209764
dikson,73.51,80.55,57.14600000000005,68,56,6.93,RU,1596209765
klaksvik,62.23,-6.59,57.469999999999956,87,100,8.2,FO,1596209768
khakhea,-24.69,23.49,63.05,27,0,2.44,BW,1596209769
abnub,27.27,31.15,104.26999999999997,21,0,7.2,EG,1596209769
grand forks,47.93,-97.03,79.06999999999996,61,75,5.7,US,1596209770
cockburn town,21.46,-71.14,83.19200000000001,80,87,15.3,TC,1596209770
mount isa,-20.73,139.5,52.069999999999965,27,0,6.0,AU,1596209774
yulara,-25.24,130.99,48.469999999999956,24,0,2.1,AU,1596209775
nuevo progreso,23.17,-97.95,87.27799999999996,60,72,0.45,MX,1596209776
champerico,14.3,-91.92,86.26999999999995,70,20,1.94,GT,1596209776
emerald,-23.53,148.17,55.66999999999996,62,0,2.1,AU,1596209776
kodiak,57.79,-152.41,55.66999999999996,93,90,4.6,US,1596209587
grand gaube,-20.01,57.66,70.26799999999999,82,31,0.89,MU,1596209777
palana,59.12,159.97,50.359999999999985,86,62,5.35,RU,1596209777
saint george,37.1,-113.58,87.27799999999996,17,1,0.56,US,1596209778
lagoa,39.05,-27.98,69.90800000000002,67,78,3.67,PT,1596209778
bac lieu,9.29,105.72,81.75199999999998,81,100,4.95,VN,1596209559
zonguldak,41.25,31.83,75.092,64,0,2.4,TR,1596209779
norman wells,65.28,-126.83,62.86999999999996,82,5,2.1,CA,1596209780
faanui,-16.48,-151.75,78.90800000000002,78,25,2.56,PF,1596209780
poum,-20.23,164.02,71.58200000000002,84,76,12.25,NC,1596209780
skjervoy,70.03,20.97,70.06999999999996,56,0,6.7,NO,1596209781
dodoma,-6.17,35.74,79.06999999999996,41,40,6.2,TZ,1596209781
samarai,-10.62,150.67,75.63200000000002,72,87,7.13,PG,1596209781
ust-nera,64.57,143.2,51.35,50,100,1.99,RU,1596209781
baijiantan,45.63,85.18,83.78599999999997,21,15,2.67,CN,1596209782
zahir pir,28.81,70.52,98.69000000000003,41,70,10.13,PK,1596209782
chokurdakh,70.63,147.92,46.59800000000003,78,100,1.13,RU,1596209783
milkovo,54.72,158.62,50.900000000000006,95,100,4.66,RU,1596209783
jardim,-21.48,-56.14,86.30600000000004,34,0,3.1,BR,1596209574
nome,64.5,-165.41,54.266000000000005,93,90,2.32,US,1596209784
simao,22.79,100.97,67.53200000000001,95,86,0.96,CN,1596209785
nchelenge,-9.35,28.73,75.63200000000002,51,51,1.96,ZM,1596209786
broken hill,-31.95,141.43,50.26999999999996,53,0,4.6,AU,1596209786
havre-saint-pierre,50.23,-63.6,62.86999999999996,100,90,4.1,CA,1596209531
aklavik,68.22,-135.01,64.66999999999996,82,20,1.0,CA,1596209788
ostrovnoy,68.05,39.51,53.311999999999955,85,44,4.66,RU,1596209788
palmas de monte alto,-14.27,-43.16,84.38000000000005,28,5,5.33,BR,1596209789
kanigoro,-8.13,112.22,69.90800000000002,88,82,2.09,ID,1596209789
vestmannaeyjar,63.44,-20.27,52.069999999999965,93,90,9.8,IS,1596209789
aksum,14.12,38.72,61.26799999999999,96,99,3.03,ET,1596209790
copiapo,-27.37,-70.33,71.86999999999996,33,0,5.1,CL,1596209790
shaunavon,49.65,-108.42,73.41799999999998,58,64,3.61,CA,1596209790
vysokogornyy,50.12,139.15,59.26999999999996,94,97,1.63,RU,1596209791
bojnurd,37.47,57.33,75.46999999999997,33,20,6.2,IR,1596209791
barroquinha,-3.02,-41.14,95.99000000000002,27,26,4.53,BR,1596209791
togur,58.36,82.83,52.44800000000002,93,63,1.19,RU,1596209791
katherine,-14.47,132.27,59.26999999999996,41,28,2.6,AU,1596209792
kununurra,-15.77,128.73,59.26999999999996,27,14,4.91,AU,1596209792
vardo,70.37,31.11,48.469999999999956,93,75,9.8,NO,1596209792
bredasdorp,-34.53,20.04,64.66999999999996,68,0,3.6,ZA,1596209793
dubti,11.74,41.09,88.826,46,100,2.02,ET,1596209793
shelburne,44.08,-80.2,78.27799999999996,57,1,2.69,CA,1596209796
guilin,25.28,110.29,82.66999999999996,83,40,3.0,CN,1596209796
buala,-8.14,159.59,80.56400000000004,78,57,1.92,SB,1596209797
calbe,51.9,11.77,83.26400000000004,32,12,3.58,DE,1596209797
nanortalik,60.14,-45.24,46.05800000000001,81,100,2.53,GL,1596209797
thinadhoo,0.53,72.93,83.33599999999997,78,96,4.86,MV,1596209798
omaruru,-21.43,15.93,75.83000000000004,18,0,4.32,NA,1596209800
damietta,31.42,31.81,86.26999999999995,66,0,5.1,EG,1596209801
redmond,47.67,-122.12,68.26999999999995,76,30,0.89,US,1596209675
severo-kurilsk,50.68,156.12,50.66600000000001,88,6,7.4,RU,1596209801
praia,14.92,-23.51,82.66999999999996,65,75,6.2,CV,1596209803
xuddur,4.12,43.89,79.73599999999996,61,80,8.9,SO,1596209804
airai,-8.93,125.41,52.016000000000005,81,7,1.1,TL,1596209806
ushtobe,45.25,77.98,79.50199999999998,20,99,4.82,KZ,1596209807
parabel,58.7,81.48,53.95999999999998,93,24,2.4,RU,1596209807
georgetown,5.41,100.34,79.06999999999996,88,20,2.6,MY,1596209613
asau,46.43,26.4,74.26400000000004,76,19,2.52,RO,1596209808
marzuq,14.4,46.47,82.36400000000003,57,100,3.42,YE,1596209808
saint-louis,16.33,-15.0,93.46999999999997,63,75,2.22,SN,1596209808
guatire,10.48,-66.54,82.27400000000002,53,2,1.48,VE,1596209809
fier,40.72,19.56,87.60199999999998,49,0,3.72,AL,1596209810
stephenville,32.22,-98.2,78.27799999999996,73,90,3.6,US,1596209810
hwange,-18.37,26.5,72.78800000000004,21,0,1.76,ZW,1596209810
maues,-3.38,-57.72,98.47400000000002,27,91,2.39,BR,1596209812
borodino,55.91,94.9,59.432000000000016,82,99,4.3,RU,1596209812
sao fidelis,-21.65,-41.75,68.26999999999995,82,75,3.1,BR,1596209813
esperance,-33.87,121.9,50.26999999999996,100,75,1.5,AU,1596209813
kathu,7.92,98.33,84.27200000000005,94,75,5.1,TH,1596209813
plastun,44.76,136.29,66.308,94,96,1.57,RU,1596209814
quevedo,-1.03,-79.45,77.86400000000003,73,99,3.59,EC,1596209815
karlskoga,59.33,14.52,75.27200000000005,53,31,5.1,SE,1596209815
saskylakh,71.92,114.08,55.346000000000046,72,0,1.82,RU,1596209815
san borja,-14.82,-66.85,89.88800000000005,32,34,0.52,BO,1596209816
yerbogachen,61.28,108.01,59.03599999999997,79,93,3.09,RU,1596209817
coihaique,-45.58,-72.07,32.26999999999996,86,90,2.6,CL,1596209817
oistins,13.07,-59.53,88.06999999999996,66,40,7.2,BB,1596209817
lensk,60.73,114.93,56.89399999999998,86,32,1.99,RU,1596209818
lebanon,36.21,-86.29,84.46999999999997,79,90,2.6,US,1596209540
sakaiminato,35.55,133.23,75.46999999999997,94,20,2.1,JP,1596209818
calama,-22.47,-68.93,71.86999999999996,6,0,4.1,CL,1596209565
ayan,56.45,138.17,55.36400000000003,88,100,0.84,RU,1596209819
zhezkazgan,47.8,67.71,88.06999999999996,14,17,4.0,KZ,1596209819
urumqi,43.8,87.6,79.06999999999996,34,73,3.0,CN,1596209699
zheshart,62.07,49.57,56.89399999999998,85,73,1.85,RU,1596209822
nouakchott,18.09,-15.98,89.86999999999996,62,40,8.2,MR,1596209822
sioux lookout,50.1,-91.92,75.46999999999997,53,20,2.6,CA,1596209822
santa isabel do rio negro,-0.41,-65.02,93.092,34,0,1.28,BR,1596209823
iranshahr,27.2,60.68,109.66999999999996,10,40,5.1,IR,1596209824
tupelo,34.26,-88.7,84.46999999999997,74,90,4.6,US,1596209652
mikun,62.35,50.08,54.877999999999965,95,95,1.55,RU,1596209824
storm lake,42.64,-95.21,75.46999999999997,68,1,2.6,US,1596209825
mlonggo,-6.53,110.7,77.35999999999999,71,83,1.21,ID,1596209825
acarau,-2.89,-40.12,88.66400000000004,44,32,6.68,BR,1596209825
nichinan,31.6,131.37,78.27799999999996,83,15,2.24,JP,1596209825
grindavik,63.84,-22.43,52.069999999999965,93,90,7.7,IS,1596209826
takoradi,4.88,-1.76,77.558,77,96,5.8,GH,1596209826
zhangye,38.93,100.45,74.15600000000003,43,31,4.53,CN,1596209826
kurilsk,45.23,147.88,60.76400000000004,97,99,0.74,RU,1596209827
meulaboh,4.14,96.13,76.208,78,100,1.85,ID,1596209827
katsuura,35.13,140.3,77.26999999999995,94,75,3.1,JP,1596209827
galveston,29.37,-94.97,89.27599999999998,74,1,7.2,US,1596209828
deputatskiy,69.3,139.9,39.21799999999998,96,82,1.06,RU,1596209828
gillette,44.29,-105.5,80.86999999999996,34,1,3.6,US,1596209829
nuuk,64.18,-51.72,48.469999999999956,87,90,12.9,GL,1596209829
yeppoon,-23.13,150.73,59.26999999999996,77,3,3.1,AU,1596209829
rennes,48.17,-1.67,86.26999999999995,48,44,3.6,FR,1596209830
coruripe,-10.13,-36.18,77.97200000000004,79,28,7.07,BR,1596209686
portland,45.52,-122.68,70.26799999999999,56,20,1.5,US,1596209776
trier,49.76,6.64,95.26999999999995,18,1,2.95,DE,1596209584
port macquarie,-31.43,152.92,50.26999999999996,89,16,3.23,AU,1596209832
guangyuan,32.44,105.82,66.27200000000005,93,40,0.62,CN,1596209833
chapais,49.78,-74.85,70.06999999999996,73,40,2.6,CA,1596209768
oranjemund,-28.55,16.43,76.36999999999996,19,0,5.74,NA,1596209833
lobito,-12.35,13.55,75.46999999999997,73,40,2.1,AO,1596209834
brewster,41.4,-73.62,74.26400000000004,73,1,2.1,US,1596209834
zhanaozen,43.3,52.8,82.77799999999996,19,2,1.53,KZ,1596209834
japura,-0.32,102.35,77.09000000000003,84,93,0.4,ID,1596209835
tevriz,57.51,72.4,58.964000000000034,93,97,3.27,RU,1596209835
vyshkov,52.48,31.69,66.46999999999997,48,100,5.0,RU,1596209837
haines junction,60.75,-137.51,60.314000000000036,58,51,0.47,CA,1596209838
coxim,-18.51,-54.76,94.62200000000004,21,0,4.02,BR,1596209680
itupiranga,-5.13,-49.33,97.06999999999996,28,93,3.6,BR,1596209627
kolokani,13.57,-8.03,90.89600000000004,50,9,2.44,ML,1596209840
sao joao da barra,-21.64,-41.05,75.46999999999997,82,75,3.1,BR,1596209840
rincon,32.3,-81.24,92.26400000000004,62,20,4.1,US,1596209841
chatellerault,46.8,0.53,95.26999999999995,34,25,5.7,FR,1596209841
zdolbuniv,50.52,26.24,70.06999999999996,46,36,5.0,UA,1596209842
gornoye loo,43.71,39.6,82.66999999999996,69,20,5.0,RU,1596209842
challans,46.84,-1.87,79.06999999999996,57,48,4.1,FR,1596209842
banjar,-8.19,114.97,77.26999999999995,94,20,3.1,ID,1596209843
coquimbo,-29.95,-71.34,57.469999999999956,67,0,6.7,CL,1596209843
necochea,-38.55,-58.74,57.272000000000034,55,61,2.68,AR,1596209844
turukhansk,65.82,87.98,56.156000000000034,81,43,6.87,RU,1596209844
qasigiannguit,68.82,-51.19,46.66999999999996,75,75,1.0,GL,1596209845
lompoc,34.64,-120.46,57.469999999999956,93,90,1.5,US,1596209845
sarahan,31.52,77.8,63.95,74,39,0.45,IN,1596209845
khingansk,49.12,131.18,64.74199999999999,98,97,2.02,RU,1596209847
bengkulu,-3.8,102.27,75.16400000000004,89,64,3.82,ID,1596209847
agropoli,40.35,15.0,86.26999999999995,70,0,2.6,IT,1596209848
koygorodok,60.45,51.0,60.00800000000001,88,47,1.87,RU,1596209848
tulagi,-9.1,160.15,77.26999999999995,100,75,1.0,SB,1596209849
walvis bay,-22.96,14.51,95.26999999999995,8,0,4.6,NA,1596209849
zapolyarnyy,69.42,30.81,52.069999999999965,81,75,5.1,RU,1596209850
amuntai,-2.42,115.25,75.03800000000004,92,91,0.42,ID,1596209850
umba,66.69,34.34,58.766000000000005,70,91,4.71,RU,1596209851
sao gabriel da cachoeira,-0.13,-67.09,84.46999999999997,74,0,1.0,BR,1596209851
cayenne,4.93,-52.33,86.26999999999995,66,90,3.1,GF,1596209852
daru,-9.08,143.21,74.858,75,88,6.98,PG,1596209852
victoria,22.29,114.16,83.26400000000004,88,40,7.7,HK,1596209852
nicolas bravo,18.45,-88.92,88.06999999999996,74,75,2.21,MX,1596209853
rawson,-43.3,-65.1,51.530000000000044,48,69,3.53,AR,1596209688
novoasbest,57.74,60.29,61.39399999999998,93,100,2.16,RU,1596209854
mehamn,71.04,27.85,48.469999999999956,93,90,2.6,NO,1596209854
saint pete beach,27.73,-82.74,91.27400000000002,1,52,0.89,US,1596209855
portales,34.19,-103.33,73.66999999999996,53,90,5.1,US,1596209855
nantucket,41.28,-70.1,73.66999999999996,88,75,3.6,US,1596209848
royan,45.63,-1.03,84.46999999999997,54,11,6.7,FR,1596209856
tsivilsk,55.86,47.47,70.06999999999996,40,20,3.0,RU,1596209856
labuhan,-6.88,112.21,76.118,78,78,3.63,ID,1596209856
sikar,27.62,75.15,91.04000000000002,53,100,1.92,IN,1596209857
wanning,18.8,110.4,81.30199999999998,89,100,3.49,CN,1596209857
opuwo,-18.06,13.84,79.05199999999998,17,0,5.06,NA,1596209857
muroto,33.28,134.15,81.87799999999996,77,17,2.22,JP,1596209858
tamandare,-8.76,-35.1,80.29399999999998,70,41,5.77,BR,1596209859
dzhebariki-khaya,62.22,135.8,60.943999999999974,53,71,0.87,RU,1596209859
ixtapa,20.7,-105.2,84.27200000000005,88,75,1.5,MX,1596209859
lima,-12.04,-77.03,61.069999999999965,77,90,4.1,PE,1596209570
barra do garcas,-15.89,-52.26,91.99399999999997,19,0,4.26,BR,1596209861
gladstone,-23.85,151.25,62.86999999999996,59,0,3.6,AU,1596209861
xai-xai,-25.05,33.64,65.60600000000002,74,6,2.42,MZ,1596209861
maniitsoq,65.42,-52.9,45.62599999999999,95,100,10.47,GL,1596209862
valdivia,-39.81,-73.25,48.469999999999956,87,99,1.5,CL,1596209862
redondela,42.28,-8.61,75.46999999999997,53,99,5.7,ES,1596209863
cairns,-16.92,145.77,68.26999999999995,77,42,5.1,AU,1596209837
ilulissat,69.22,-51.1,46.66999999999996,75,75,1.0,GL,1596209863
tautira,-17.73,-149.15,75.46999999999997,88,40,5.1,PF,1596209864
paramonga,-10.67,-77.83,66.46999999999997,65,22,3.01,PE,1596209864
brightwater,-41.38,173.12,54.266000000000005,84,100,1.34,NZ,1596209865
krasnoselkup,65.7,82.47,58.67599999999999,90,65,5.52,RU,1596209865
waingapu,-9.66,120.26,70.62799999999996,76,60,4.33,ID,1596209865
svetlyy,54.67,20.13,65.26400000000004,82,75,8.0,RU,1596209866
arlit,18.74,7.39,109.36400000000003,7,0,1.73,NE,1596209866
kavaratti,10.57,72.64,82.65199999999999,79,100,9.85,IN,1596209866
umm lajj,25.02,37.27,88.23200000000003,69,0,2.2,SA,1596209866
vanderhoof,54.02,-124.02,69.27799999999996,59,1,1.36,CA,1596209867
bereda,43.27,-7.54,92.26400000000004,29,98,6.71,ES,1596209867
karibib,-21.93,15.83,76.04600000000005,17,0,3.36,NA,1596209868
saldanha,-33.01,17.94,70.06999999999996,56,0,4.1,ZA,1596209868
kudahuvadhoo,2.67,72.89,84.00199999999998,77,100,5.92,MV,1596209869
tilichiki,60.47,166.1,46.63399999999999,98,19,2.93,RU,1596209869
katobu,-4.94,122.53,72.53599999999997,87,75,1.47,ID,1596209869
namatanai,-3.67,152.43,80.16799999999998,84,100,4.4,PG,1596209870
narsaq,60.92,-46.05,53.86999999999996,66,75,3.6,GL,1596209870
puerto narino,-3.77,-70.38,82.66999999999996,74,20,3.1,CO,1596209870
iquique,-20.22,-70.14,59.26999999999996,67,75,3.1,CL,1596209870
itoman,26.12,127.67,84.46999999999997,83,20,5.1,JP,1596209871
cheney,47.49,-117.58,79.26799999999999,38,20,5.1,US,1596209799
ajaccio,42.0,8.92,91.66999999999996,52,0,4.1,FR,1596209871
homer,59.64,-151.55,55.66999999999996,82,75,1.5,US,1596209870
pontes e lacerda,-15.23,-59.34,93.63200000000002,24,0,2.9,BR,1596209725
fort morgan,40.25,-103.8,66.46999999999997,72,1,2.6,US,1596209617
les cayes,18.2,-73.75,85.424,72,100,7.42,HT,1596209872
banda aceh,5.56,95.32,81.46400000000003,72,88,5.13,ID,1596209873
alofi,-19.06,-169.92,57.469999999999956,100,0,1.0,NU,1596209873
gawler,-34.6,138.73,56.26400000000004,69,49,2.24,AU,1596209874
vila velha,-20.33,-40.29,70.06999999999996,88,90,6.7,BR,1596209874
lazaro cardenas,17.96,-102.2,87.33200000000002,60,71,1.85,MX,1596209874
gizo,-8.1,156.84,81.26600000000002,83,100,6.72,SB,1596209874
doctor juan leon mallorquin,-25.4,-55.27,68.26999999999995,60,53,2.1,PY,1596209875
lac du bonnet,50.25,-96.06,74.26400000000004,99,46,2.36,CA,1596209875
sladkovo,55.53,70.34,66.21799999999999,88,88,4.11,RU,1596209876
lahaina,20.88,-156.68,77.26999999999995,65,1,5.7,US,1596209680
aykhal,66.0,111.5,61.069999999999965,55,0,3.0,RU,1596209876
ahipara,-35.17,173.17,56.55199999999998,81,100,5.82,NZ,1596209877
mildura,-34.2,142.15,43.06999999999996,75,6,2.6,AU,1596209877
college,64.86,-147.8,58.26199999999996,81,75,2.6,US,1596209877
manjakandriana,-18.92,47.8,62.86999999999996,82,75,6.7,MG,1596209878
alcaniz,41.05,-0.13,87.27799999999996,53,0,1.34,ES,1596209878
smithers,54.78,-127.17,59.26999999999996,82,20,1.0,CA,1596209637
carutapera,-1.2,-46.02,89.25800000000001,53,49,3.78,BR,1596209879
moron,-34.65,-58.62,55.66999999999996,62,100,2.6,AR,1596209879
sisimiut,66.94,-53.67,47.372000000000035,86,100,4.98,GL,1596209880
chalmette,29.94,-89.96,89.27599999999998,66,20,3.6,US,1596209880
isiro,2.77,27.62,71.99600000000005,95,86,0.77,CD,1596209880
santa fe,-31.63,-60.7,64.27400000000002,52,54,0.89,AR,1596209700
longyearbyen,78.22,15.64,46.66999999999996,93,90,2.1,SJ,1596209881
wenceslau braz,-23.87,-49.8,68.26999999999995,81,45,3.13,BR,1596209881
vila do maio,15.13,-23.22,82.66999999999996,65,75,6.2,CV,1596209882
camana,-16.62,-72.71,68.0,55,80,3.35,PE,1596209882
kvitok,56.07,98.48,64.11199999999997,86,99,1.57,RU,1596209882
altamont,42.21,-121.74,65.26400000000004,48,1,1.5,US,1596209883
clovis,36.83,-119.7,77.26999999999995,40,1,1.5,US,1596209635
manosque,43.83,5.79,97.26799999999999,27,17,1.34,FR,1596209883
tzimol,16.27,-92.27,70.934,73,31,1.26,MX,1596209884
qaqortoq,60.72,-46.03,53.86999999999996,66,75,3.6,GL,1596209884
severodvinsk,64.56,39.83,61.069999999999965,63,40,5.0,RU,1596209884
berlevag,70.86,29.09,48.469999999999956,93,75,3.1,NO,1596209884
pimentel,-6.84,-79.93,64.66999999999996,77,90,3.1,PE,1596209885
umtata,-31.59,28.78,66.46999999999997,42,0,4.1,ZA,1596209885
kidal,18.44,1.41,108.05,7,27,1.76,ML,1596209886
port-gentil,-0.72,8.78,77.26999999999995,83,90,6.37,GA,1596209886
tuatapere,-46.13,167.68,50.59399999999997,90,100,1.81,NZ,1596209886
eenhana,-17.47,16.33,79.32200000000003,17,0,2.91,NA,1596209886
amazar,53.86,120.88,62.564000000000036,91,68,1.61,RU,1596209887
bondoukou,8.03,-2.8,82.45399999999995,71,97,3.12,CI,1596209887
porto novo,6.5,2.6,80.86999999999996,78,40,6.2,BJ,1596209887
maldonado,-34.67,-54.92,55.66999999999996,76,75,1.0,UY,1596209888
aban,56.67,96.06,64.13000000000005,68,84,4.9,RU,1596209888
sur,22.57,59.53,88.484,66,17,5.62,OM,1596209768
puerto quijarro,-17.78,-57.77,92.642,27,63,2.22,BO,1596209888
bangkalan,-7.05,112.74,77.91799999999998,75,88,1.96,ID,1596209889
charters towers,-20.1,146.27,55.975999999999985,87,0,3.2,AU,1596209889
nurota,40.56,65.69,82.66999999999996,23,75,8.2,UZ,1596209890
fushe-arrez,42.06,20.02,90.26600000000002,26,65,2.52,AL,1596209890
grand-lahou,5.14,-5.02,78.22400000000002,78,54,4.6,CI,1596209890
lufilufi,-13.87,-171.6,86.26999999999995,70,23,3.58,WS,1596209891
cabo san lucas,22.89,-109.91,84.27200000000005,51,5,2.6,MX,1596209891
bandar-e lengeh,26.56,54.88,98.86999999999996,60,34,2.1,IR,1596209892
varzea da palma,-17.6,-44.73,82.72400000000002,35,49,4.6,BR,1596209737
gazli,40.13,63.45,81.76999999999995,23,0,4.9,UZ,1596209892
bilma,18.69,12.92,98.56400000000004,28,79,8.83,NE,1596209893
limbang,4.75,115.0,80.86999999999996,83,75,1.0,MY,1596209893
ketchikan,55.34,-131.65,64.66999999999996,77,1,2.1,US,1596209894
sibolga,1.74,98.78,76.1,83,97,1.39,ID,1596209894
makakilo city,21.35,-158.09,77.26999999999995,69,1,2.6,US,1596209608
marsh harbour,26.54,-77.06,85.02799999999996,64,0,6.07,BS,1596209895
namibe,-15.2,12.15,71.86999999999996,73,0,5.1,AO,1596209896
san quintin,30.48,-115.95,75.14600000000004,65,0,2.67,MX,1596209896
ranong,9.97,98.63,80.94200000000001,83,100,6.98,TH,1596209897
caxito,-8.58,13.66,73.66999999999996,73,75,5.1,AO,1596209898
susanville,40.42,-120.65,64.27400000000002,36,1,1.05,US,1596209899
bitung,1.45,125.18,79.06999999999996,88,40,0.5,ID,1596209899
khao yoi,13.24,99.82,81.85999999999999,71,100,1.32,TH,1596209899
pisco,-13.7,-76.22,61.069999999999965,82,90,1.5,PE,1596209900
turbat,26.0,63.04,89.49199999999999,60,2,4.37,PK,1596209900
pitimbu,-7.47,-34.81,79.06999999999996,83,75,7.2,BR,1596209900
limerick,52.66,-8.62,69.27799999999996,72,40,7.2,IE,1596209901
quelimane,-17.88,36.89,75.46999999999997,57,40,2.1,MZ,1596209901
kodinar,20.79,70.7,84.45199999999997,83,97,3.87,IN,1596209901
mariental,-24.63,17.97,71.05999999999997,19,0,4.58,NA,1596209901
beidao,34.57,105.89,71.13200000000002,76,53,1.74,CN,1596209902
oudtshoorn,-33.59,22.2,61.069999999999965,72,0,2.6,ZA,1596209631
vostok,46.49,135.88,62.311999999999955,98,83,1.76,RU,1596209902
bar harbor,44.39,-68.2,81.26600000000002,57,75,2.1,US,1596209903
ghanzi,-21.57,21.78,67.56799999999998,24,0,4.42,BW,1596209903
trincomalee,8.57,81.23,83.30000000000001,74,49,5.33,LK,1596209903
okha,53.57,142.95,52.34000000000002,84,48,1.79,RU,1596209903
marshfield,44.67,-90.17,71.86999999999996,56,1,3.6,US,1596209724
pljevlja,43.33,19.33,79.06999999999996,69,40,1.5,ME,1596209904
balagansk,54.01,103.05,61.95199999999998,84,70,2.95,RU,1596209904
yar-sale,66.83,70.83,58.71199999999996,65,21,3.1,RU,1596209904
port moresby,-9.44,147.18,72.10399999999996,74,68,6.71,PG,1596209905
mason city,43.15,-93.2,71.86999999999996,73,1,1.5,US,1596209832
qui nhon,13.77,109.23,80.16799999999998,80,100,3.32,VN,1596209905
colotlan,22.1,-103.27,70.43000000000004,68,100,1.79,MX,1596209905
kasongo-lunda,-6.47,16.82,96.63800000000005,14,0,1.97,CD,1596209906
north bend,43.41,-124.22,61.26799999999999,93,90,2.6,US,1596209906
inhambane,-23.86,35.38,73.66999999999996,64,20,7.2,MZ,1596209906
ariquemes,-9.91,-63.04,94.96400000000003,24,0,1.8,BR,1596209907
ancud,-41.87,-73.82,50.26999999999996,87,75,7.7,CL,1596209907
ratnagiri,16.98,73.3,81.12200000000004,84,100,2.67,IN,1596209907
teterow,53.78,12.57,71.86999999999996,40,20,3.1,DE,1596209908
jumla,29.27,82.18,62.653999999999954,73,56,0.73,NP,1596209908
tucurui,-3.77,-49.67,94.98200000000003,33,72,2.61,BR,1596209908
pontarlier,46.83,6.25,91.27400000000002,14,2,1.34,FR,1596209908
santa cruz,-17.8,-63.17,79.06999999999996,34,20,1.0,BO,1596209636
newberry,34.27,-81.62,88.26799999999999,74,1,5.7,US,1596209909
phan thiet,10.93,108.1,78.13399999999999,88,100,5.27,VN,1596209909
los llanos de aridane,28.66,-17.92,77.26999999999995,65,40,4.6,ES,1596209613
sijunjung,-0.69,100.95,72.06799999999998,91,21,0.8,ID,1596209910
invermere,50.52,-116.04,67.26199999999996,56,0,0.43,CA,1596209631
safranbolu,41.25,32.69,81.31999999999996,51,0,2.1,TR,1596209910
usolye,59.43,56.68,60.27799999999996,93,100,0.89,RU,1596209911
port blair,11.67,92.75,83.13800000000005,79,100,6.92,IN,1596209830
udachnyy,66.42,112.4,61.069999999999965,55,0,3.0,RU,1596209911
belem de sao francisco,-8.75,-38.97,83.87599999999999,45,83,8.48,BR,1596209912
lancaster,40.25,-76.25,77.26999999999995,78,90,1.5,US,1596209895
lakes entrance,-37.88,147.98,40.26199999999996,95,100,2.53,AU,1596209912
alghero,40.56,8.32,98.86999999999996,30,0,4.6,IT,1596209913
berlin,52.52,13.41,81.26600000000002,36,73,2.1,DE,1596209913
bindura,-17.3,31.33,62.564000000000036,29,0,2.63,ZW,1596209913
dalbandin,28.89,64.41,91.88599999999997,12,0,2.79,PK,1596209913
hambantota,6.12,81.12,80.86999999999996,94,40,1.5,LK,1596209914
winston-salem,36.1,-80.24,83.26400000000004,74,75,3.1,US,1596209889
yubari,43.04,141.96,67.26199999999996,100,75,1.0,JP,1596209914
rondonopolis,-16.47,-54.64,96.51199999999996,17,0,4.93,BR,1596209915
jati,24.35,68.27,90.5,60,100,6.23,PK,1596209915
terrace bay,48.78,-87.1,68.26999999999995,68,20,2.1,CA,1596209916
guadalupe victoria,32.29,-115.11,95.26999999999995,74,20,4.1,MX,1596209916
murray bridge,-35.12,139.27,56.26400000000004,67,98,0.45,AU,1596209916
borba,-4.39,-59.59,96.74600000000005,28,52,2.25,BR,1596209917
jieshi,22.81,115.83,83.04800000000003,85,97,8.51,CN,1596209917
salalah,17.02,54.09,84.46999999999997,89,75,3.6,OM,1596209898
tecoanapa,16.52,-98.75,89.52799999999996,54,59,0.76,MX,1596209917
roseburg,43.22,-123.34,64.66999999999996,55,1,0.49,US,1596209627
labuan,5.28,115.24,79.06999999999996,88,20,3.23,MY,1596209918
maarianhamina,60.1,19.93,68.26999999999995,64,0,5.7,AX,1596209919
sakakah,29.97,40.21,111.46999999999996,7,0,8.2,SA,1596209919
santa maria do suacui,-18.19,-42.41,62.311999999999955,94,100,0.79,BR,1596209919
port hedland,-20.32,118.57,57.469999999999956,44,0,3.1,AU,1596209919
bambanglipuro,-7.95,110.28,73.72400000000002,88,78,2.51,ID,1596209920
vanimo,-2.67,141.3,80.02400000000002,78,43,0.92,PG,1596209920
fukuma,33.77,130.47,82.27400000000002,88,66,1.0,JP,1596209920
nouadhibou,20.93,-17.03,75.10999999999999,87,18,4.63,MR,1596209921
beringovskiy,63.05,179.32,48.434,78,47,2.65,RU,1596209921
saint-joseph,-21.37,55.62,70.06999999999996,83,7,2.1,RE,1596209922
tanggu,39.02,117.65,75.46999999999997,94,20,1.0,CN,1596209922
port hardy,50.7,-127.42,55.66999999999996,93,40,1.59,CA,1596209922
dubovskoye,47.41,42.76,77.95399999999995,55,95,4.02,RU,1596209922
salima,-13.78,34.46,72.12200000000004,38,0,3.9,MW,1596209923
abong mbang,3.98,13.18,80.94200000000001,67,61,0.88,CM,1596209924
port shepstone,-30.74,30.45,64.41799999999998,79,0,4.41,ZA,1596209925
tomelloso,39.15,-3.02,102.46999999999996,13,0,5.1,ES,1596209925
tateyama,34.98,139.87,78.27799999999996,100,0,3.31,JP,1596209926
ucluelet,48.93,-125.55,59.26999999999996,100,90,1.22,CA,1596209773
wadi maliz,36.47,8.55,109.66999999999996,6,0,3.6,TN,1596209927
northam,51.03,-4.22,68.26999999999995,87,99,4.92,GB,1596209927
leh,34.17,77.58,63.98599999999997,38,47,2.37,IN,1596209928
ahuimanu,21.44,-157.84,77.26999999999995,65,40,5.7,US,1596209928
pinsk,52.12,26.1,64.41799999999998,74,7,5.1,BY,1596209928
dumas,35.87,-101.97,74.26400000000004,64,1,2.6,US,1596209929
itarema,-2.92,-39.92,88.25,44,21,7.15,BR,1596209929
kangundo,-1.3,37.35,75.46999999999997,49,40,3.1,KE,1596209929
queanbeyan,-35.35,149.23,38.26400000000003,89,40,0.5,AU,1596209669
tupiza,-21.45,-65.72,64.74199999999999,17,0,1.51,BO,1596209930
sitka,57.05,-135.33,62.86999999999996,77,75,2.1,US,1596209908
mananjary,-21.22,48.33,67.81999999999996,85,34,3.94,MG,1596209931
provost,52.35,-110.27,72.03200000000001,65,76,2.16,CA,1596209931
comodoro rivadavia,-45.87,-67.5,52.069999999999965,53,42,4.1,AR,1596209931
miandrivazo,-19.52,45.47,79.37599999999999,45,0,2.31,MG,1596209932
mineros,-17.12,-63.23,77.26999999999995,38,20,1.0,BO,1596209932
fenoarivo,-18.93,47.44,62.86999999999996,82,75,6.7,MG,1596209932
taoudenni,22.68,-3.98,112.24399999999997,7,0,7.24,ML,1596209933
nasturelu,43.67,25.47,101.26400000000004,24,9,2.24,RO,1596209934
axim,4.87,-2.24,78.08000000000004,76,99,4.84,GH,1596209934
yerofey pavlovich,53.97,121.97,63.35600000000003,94,97,2.59,RU,1596209934
atar,20.52,-13.05,98.52799999999996,32,51,2.13,MR,1596209934
beyneu,45.32,55.2,87.92599999999999,19,17,1.74,KZ,1596209935
lagunas,-5.23,-75.68,83.984,72,20,2.31,PE,1596209935
peleduy,59.63,112.74,62.22200000000004,73,84,4.05,RU,1596209936
bajil,15.06,43.29,80.69000000000003,81,100,3.38,YE,1596209936
harlingen,26.19,-97.7,89.27599999999998,79,75,6.7,US,1596209936
tommot,58.96,126.29,58.153999999999954,83,100,1.93,RU,1596209937
cherepovets,59.13,37.9,57.469999999999956,100,90,2.0,RU,1596209937
